AUN,LEA,School Nbr.,School Name,N Tested,Reading Average,Math Average,Writing Average,Composite Average
124150002,21st Century Cyber CS,7691,21st Century Cyber CS,51,577,526,544,1646
119350303,Abington Heights SD,5091,Abington Heights HS,209,534,547,526,1608
123460302,Abington SD,3241,Abington SHS,439,521,541,509,1571
102020003,Academy CS,7846,Academy CS,11,321,325,327,974
125230001,Achievement House CS,7824,Achievement House CS,15,429,412,406,1247
126514368,ACT Academy Cyber CS,8217,ACT Academy Cyber CS,7,*,*,*,*
126510020,Agora Cyber CS,7858,Agora Cyber CS,179,473,430,426,1329
101260303,Albert Gallatin Area SD,6001,Albert Gallatin Area SHS,114,478,470,448,1397
127040503,Aliquippa SD,8086,Aliquippa JSHS,39,390,409,362,1161
103020603,Allegheny Valley SD,29,Springdale JSHS,50,492,501,463,1456
106160303,Allegheny-Clarion Valley SD,4664,Allegheny-Clarion Valley HS,30,482,502,447,1431
121390302,Allentown City SD,2795,Louis E Dieruff HS,164,404,422,381,1207
121390302,Allentown City SD,2794,William Allen HS,204,436,423,413,1272
108070502,Altoona Area SD,913,Altoona Area HS,307,491,498,472,1461
127040703,Ambridge Area SD,6555,Ambridge Area HS,114,477,492,445,1414
113380303,Annville-Cleona SD,2725,Annville-Cleona HS,72,517,533,488,1538
114060503,Antietam SD,820,Antietam MS/HS,34,474,444,450,1369
128030603,Apollo-Ridge SD,2320,Apollo-Ridge HS,58,461,472,448,1381
128030852,Armstrong SD,7640,West Shamokin JSHS,45,496,499,464,1459
181519176,ASPIRA Bilingual Cyber Charter School,8148,ASPIRA Bilingual Cyber Charter School,1,*,*,*,*
117080503,Athens Area SD,958,Athens Area HS,88,503,501,485,1489
109530304,Austin Area SD,6222,Austin Area JSHS,2,*,*,*,*
101630504,Avella Area SD,4165,Avella Area JSHS,26,497,445,451,1393
124150003,Avon Grove CS,7721,Avon Grove CS,40,540,525,519,1584
124150503,Avon Grove SD,1367,Avon Grove HS,358,531,541,513,1585
103020753,Avonworth SD,5199,Avonworth HS,77,535,547,513,1595
110141003,Bald Eagle Area SD,1335,Bald Eagle Area MS/SHS,73,474,485,452,1412
103021102,Baldwin-Whitehall SD,50,Baldwin SHS,236,503,504,478,1485
120480803,Bangor Area SD,3434,Bangor Area HS,135,495,491,463,1449
127041203,Beaver Area SD,640,Beaver Area SHS,128,527,548,510,1585
108051003,Bedford Area SD,726,Bedford SHS,98,518,522,479,1519
107650603,Belle Vernon Area SD,4930,Belle Vernon Area HS,130,498,512,470,1481
110141103,Bellefonte Area SD,1343,Bellefonte Area HS,130,499,516,470,1485
108071003,Bellwood-Antis SD,917,Bellwood-Antis HS,57,521,531,500,1552
122091002,Bensalem Township SD,5116,Bensalem Twp HS,317,483,507,466,1455
116191004,Benton Area SD,1595,Benton Area MSHS,35,495,496,459,1450
101630903,Bentworth SD,4188,Bentworth SHS,57,495,513,466,1475
108561003,Berlin Brothersvalley SD,6207,Berlin Brothersvalley SHS,45,460,490,436,1385
112011103,Bermudian Springs SD,3,Bermudian Springs HS,78,494,509,474,1477
116191103,Berwick Area SD,1605,Berwick Area HS,122,488,512,450,1450
103021252,Bethel Park SD,62,Bethel Park HS,268,534,533,512,1579
120481002,Bethlehem Area SD,4957,Freedom HS,292,501,498,483,1483
120481002,Bethlehem Area SD,3465,Liberty HS,315,507,505,481,1494
101631003,Bethlehem-Center SD,4181,Bethlehem-Center SHS,53,491,439,450,1380
127041503,Big Beaver Falls Area SD,649,Beaver Falls Area SHS,44,488,480,460,1428
115210503,Big Spring SD,1677,Big Spring HS,110,502,489,468,1459
127041603,Blackhawk SD,6707,Blackhawk HS,128,515,507,491,1512
108110603,Blacklick Valley SD,5135,Blacklick Valley JSHS,23,464,479,429,1372
128321103,Blairsville-Saltsburg SD,4706,Blairsville SHS,35,482,497,448,1427
128321103,Blairsville-Saltsburg SD,2353,Saltsburg MS/HS,33,499,548,472,1519
116191203,Bloomsburg Area SD,1612,Bloomsburg Area HS,82,501,501,468,1470
129540803,Blue Mountain SD,3891,Blue Mountain HS,144,503,506,479,1488
119581003,Blue Ridge SD,4034,Blue Ridge HS,36,498,491,471,1460
114060753,Boyertown Area SD,6306,Boyertown Area SHS,307,513,529,499,1541
185515523,Boys Latin of Philadelphia CS,7981,Boys' Latin of Philadelphia CS,99,414,410,386,1211
109420803,Bradford Area SD,4691,Bradford Area HS,106,498,505,473,1476
114060853,Brandywine Heights Area SD,6308,Brandywine Heights HS,97,499,498,478,1475
103021453,Brentwood Borough SD,70,Brentwood SHS,45,499,472,472,1443
122091303,Bristol Borough SD,1014,Bristol HS,43,436,436,420,1293
122091352,Bristol Township SD,1029,Truman SHS,198,450,461,424,1336
106330703,Brockway Area SD,2362,Brockway Area JSHS,52,476,499,446,1421
106330803,Brookville Area SD,6162,Brookville JSHS,54,501,486,482,1469
101260803,Brownsville Area SD,4818,Brownsville Area HS,64,440,443,428,1311
122091457,Bucks County Technical High School,1030,Bucks County Technical High School,147,472,469,434,1374
101631203,Burgettstown Area SD,4195,Burgettstown MS/HS,52,496,482,465,1442
107650703,Burrell SD,4340,Burrell HS,91,517,507,501,1526
104101252,Butler Area SD,8344,Butler Area SHS,243,513,532,475,1520
101631503,California Area SD,4203,California Area SHS,27,446,467,445,1358
108111203,Cambria Heights SD,5212,Cambria Heights SHS,62,477,484,447,1409
109122703,Cameron County SD,1299,Cameron County JSHS,25,481,466,470,1418
115211003,Camp Hill SD,1682,Camp Hill SHS,91,548,551,547,1646
101631703,Canon-McMillan SD,4217,Canon-McMillan SHS,271,517,525,498,1540
117081003,Canton Area SD,988,Canton JSHS,33,480,485,448,1413
115227010,Capital Area School for the Arts Charter School,8278,Capital Area School for the Arts Charter School,34,531,488,515,1534
121131507,Carbon Career & Technical Institute,4870,Carbon Career & Technical Institute,24,448,426,408,1282
119351303,Carbondale Area SD,2420,Carbondale Area JSHS,52,469,473,446,1388
115211103,Carlisle Area SD,1694,Carlisle Area HS,217,525,519,493,1536
103021603,Carlynton SD,79,Carlynton JSHS,60,505,505,486,1496
101301303,Carmichaels Area SD,7112,Carmichaels Area HS,51,495,478,465,1438
121391303,Catasauqua Area SD,2798,Catasauqua SHS,41,507,510,488,1505
122092002,Centennial SD,1040,William Tennent HS,258,496,497,473,1466
122090001,Center for Student Learning CS at Pennsbury,7726,Center for Student Learning CS at Pennsbury,16,423,420,426,1269
122092102,Central Bucks SD,5133,Central Bucks HS-East,506,563,589,573,1726
122092102,Central Bucks SD,7790,Central Bucks HS-South,518,535,561,545,1641
122092102,Central Bucks SD,1043,Central Bucks HS-West,397,551,569,548,1667
108111303,Central Cambria SD,1208,Central Cambria HS,88,500,493,477,1469
116191503,Central Columbia SD,1619,Central Columbia SHS,88,518,539,487,1544
115221402,Central Dauphin SD,1746,Central Dauphin East SHS,182,468,471,450,1389
115221402,Central Dauphin SD,1745,Central Dauphin SHS,304,526,545,512,1582
111291304,Central Fulton SD,6252,McConnellsburg HS,24,477,507,454,1437
101301403,Central Greene SD,5118,Waynesburg Central HS,77,480,511,442,1433
108070001,Central Pennsylvania Digital Learning Foundation CS,7720,Central Pennsylvania Digital Learning Foundation CS,1,*,*,*,*
127042003,Central Valley SD,8044,Central Valley HS,120,479,500,457,1437
112671303,Central York SD,4545,Central York HS,315,514,512,486,1513
112281302,Chambersburg Area SD,8244,Chambersburg Area Career Magnet Sch,65,461,437,427,1325
112281302,Chambersburg Area SD,2191,Chambersburg Area SHS,284,485,476,461,1422
101631803,Charleroi SD,4715,Charleroi Area HS,61,480,488,461,1429
126513190,Charter High School for Architecture and Design,7578,Charter High School for Architecture and Design,102,375,368,364,1107
103021752,Chartiers Valley SD,6706,Chartiers Valley HS,186,509,514,495,1518
101631903,Chartiers-Houston SD,4235,Chartiers-Houston JSHS,46,486,495,458,1439
123461302,Cheltenham SD,3260,Cheltenham HS,236,525,524,511,1559
124151607,Chester County Technical College High School,7293,Chester County Technical College High School - Pickering Campus,4,*,*,*,*
125231232,Chester-Upland SD,6492,Chester HS,54,379,367,368,1114
125231232,Chester-Upland SD,8303,STEM at Showalter,48,372,366,367,1105
108051503,Chestnut Ridge SD,732,Chestnut Ridge SHS,53,479,475,444,1398
125231303,Chichester SD,1849,Chichester SHS,196,418,423,400,1241
102020001,City CHS,7727,City CHS,18,439,453,421,1313
103021903,Clairton City SD,8094,Clairton MS/HS,19,388,417,346,1151
106161203,Clarion Area SD,1475,Clarion Area JSHS,54,515,489,484,1488
106161703,Clarion-Limestone Area SD,1480,Clarion-Limestone Area JSHS,42,474,484,456,1414
108071504,Claysburg-Kimmel SD,921,Claysburg-Kimmel HS,18,492,505,490,1487
110171003,Clearfield Area SD,6236,Clearfield Area JSHS,100,441,476,424,1341
124151902,Coatesville Area SD,5012,Coatesville Area SHS,302,464,458,432,1354
113361303,Cocalico SD,6290,Cocalico SHS,167,514,524,495,1534
124153320,Collegium CS,7628,Collegium CS,52,490,457,471,1417
123461602,Colonial SD,3333,Plymouth-Whitemarsh SHS,262,537,543,520,1600
113361503,Columbia Borough SD,2515,Columbia HS,29,460,448,427,1335
116191757,Columbia-Montour Area Vocational-Technical School,5178,Columbia-Montour Area Vocational-Technical School,23,449,480,430,1359
104431304,Commodore Perry SD,6122,Commodore Perry JSHS,30,484,479,456,1419
115220002,Commonwealth Charter Academy CS,7774,Commonwealth Charter Academy CS,228,514,476,477,1466
126512840,Community Academy of Philadelphia CS,7510,Community Academy of Philadelphia CS,96,404,390,385,1179
108561803,Conemaugh Township Area SD,3978,Conemaugh Twp Area MS/SHS,49,481,506,454,1441
108111403,Conemaugh Valley SD,5136,Conemaugh Valley JSHS,30,487,507,467,1461
113361703,Conestoga Valley SD,2532,Conestoga Valley SHS,194,515,511,479,1505
112011603,Conewago Valley SD,17,New Oxford SHS,173,491,525,460,1475
105201033,Conneaut SD,8224,Conneaut Area Senior High,87,493,481,452,1426
101261302,Connellsville Area SD,5228,Connellsville Area SHS,133,496,482,456,1434
114061103,Conrad Weiser Area SD,777,Conrad Weiser HS,146,499,504,476,1480
103022103,Cornell SD,8087,Cornell HS,27,440,436,413,1289
113381303,Cornwall-Lebanon SD,4800,Cedar Crest HS,209,517,529,491,1536
105251453,Corry Area SD,1998,Corry Area HS,77,462,467,441,1370
109531304,Coudersport Area SD,3869,Coudersport Area JSHS,30,520,468,476,1464
122092353,Council Rock SD,5096,Council Rock HS North,373,576,586,585,1747
122092353,Council Rock SD,7749,Council Rock HS South,439,547,565,544,1656
106611303,Cranberry Area SD,4098,Cranberry Area JSHS,39,481,482,433,1396
105201352,Crawford Central SD,1632,Cochranton JSHS,33,487,490,444,1420
105201352,Crawford Central SD,1654,Meadville Area SHS,101,492,477,454,1424
118401403,Crestwood SD,2860,Crestwood HS,185,500,506,494,1500
112673300,Crispus Attucks Youthbuild CS,7624,Crispus Attucks Youthbuild CS,1,*,*,*,*
115211603,Cumberland Valley SD,1701,Cumberland Valley HS,464,536,562,516,1614
110171803,Curwensville Area SD,1529,Curwensville Area JSHS,59,452,441,419,1311
118401603,Dallas SD,2869,Dallas SHS,169,522,557,514,1593
112671603,Dallastown Area SD,4553,Dallastown Area SHS,290,519,512,494,1525
114061503,Daniel Boone Area SD,4810,Daniel Boone Area HS,184,511,509,485,1506
114061503,Daniel Boone Area SD,7544,Daniel Boone Area MS,10,*,*,*,*
116471803,Danville Area SD,3425,Danville Area SHS,113,516,531,509,1555
115221607,Dauphin County Technical School,5278,Dauphin County Technical School,36,431,432,426,1289
103022253,Deer Lakes SD,513,Deer Lakes HS,130,502,500,478,1480
126513470,Delaware Valley CHS,7671,Delaware Valley CHS,122,358,364,338,1060
120522003,Delaware Valley SD,5261,Delaware Valley HS,245,510,501,485,1496
107651603,Derry Area SD,4352,Derry Area SHS,94,500,508,466,1474
115221753,Derry Township SD,4801,Hershey HS,237,549,567,536,1652
113362203,Donegal SD,2539,Donegal HS,119,515,508,492,1515
112671803,Dover Area SD,4558,Dover Area HS,111,495,501,467,1463
124152003,Downingtown Area SD,7759,Downingtown HS East Campus,323,523,540,518,1582
124152003,Downingtown Area SD,1387,Downingtown HS West Campus,286,521,530,506,1557
124152003,Downingtown Area SD,8174,Downingtown STEM Academy,190,604,631,604,1839
107653040,"Dr Robert Ketterer CS, Inc.",7550,"Dr Robert Ketterer CS, Inc.",16,376,399,353,1128
106172003,Dubois Area SD,6156,Dubois Area SHS,149,513,522,488,1523
119352203,Dunmore SD,8312,Dunmore JSHS,93,463,481,467,1410
103022803,East Allegheny SD,8340,East Allegheny JSHS,75,444,442,420,1306
117412003,East Lycoming SD,6364,Hughesville JSHS,79,496,530,476,1503
121392303,East Penn SD,2809,Emmaus HS,389,554,544,534,1632
115212503,East Pennsboro Area SD,1707,East Pennsboro Area SHS,133,517,515,498,1530
120452003,East Stroudsburg Area SD,7641,East Stroudsburg SHS North,176,476,461,442,1379
120452003,East Stroudsburg Area SD,6935,East Stroudsburg SHS South,204,484,483,465,1432
113362303,Eastern Lancaster County SD,2554,Garden Spot SHS,131,526,524,493,1544
113382303,Eastern Lebanon County SD,2740,Eastern Lebanon Co SHS,86,510,512,481,1503
177518712,Eastern University Academy Charter School,8127,Eastern University Academy Charter School,62,383,385,377,1145
112672203,Eastern York SD,4564,Eastern York HS,104,503,513,478,1494
120483302,Easton Area SD,3482,Easton Area HS,383,493,484,464,1441
103023153,Elizabeth Forward SD,144,Elizabeth Forward SHS,122,482,487,442,1410
113362403,Elizabethtown Area SD,2562,Elizabethtown Area SHS,183,529,532,495,1556
119582503,Elk Lake SD,6418,Elk Lake JSHS,38,512,518,474,1504
104372003,Ellwood City Area SD,2675,Lincoln JSHS,95,485,490,451,1425
113362603,Ephrata Area SD,6293,Ephrata SHS,187,525,526,496,1546
105252602,Erie City SD,7294,Central Career & Technical Sch,135,409,418,377,1204
105252602,Erie City SD,2026,East HS,67,343,369,333,1046
105252602,Erie City SD,7515,Northwest PA Collegiate Academy,172,557,553,551,1662
105252602,Erie City SD,2027,Strong Vincent HS,33,428,425,406,1259
126513440,Esperanza Academy Charter School,7665,Esperanza Academy Charter School,98,355,373,355,1083
126511563,Esperanza Cyber CS,8216,Esperanza Cyber CS,1,*,*,*,*
108053003,Everett Area SD,7897,Everett Area HS,44,478,479,450,1406
120450003,Evergreen Community CS,7866,Evergreen Community CS,10,*,*,*,*
114062003,Exeter Township SD,788,Exeter Twp SHS,258,497,506,479,1482
112013054,Fairfield Area SD,6269,Fairfield Area HS,48,488,502,463,1452
105253303,Fairview SD,6737,Fairview HS,106,524,533,508,1565
112282004,Fannett-Metal SD,2201,Fannett-Metal SHS,20,513,497,463,1473
104432503,Farrell Area SD,5248,Farrell Area HS/UMS,34,401,396,375,1173
108112003,Ferndale Area SD,1225,Ferndale Area JSHS,27,463,455,420,1338
114062503,Fleetwood Area SD,5023,Fleetwood SHS,149,501,492,478,1470
111292304,Forbes Road SD,2246,Forbes Road JSHS,12,478,471,454,1403
106272003,Forest Area SD,6159,East Forest JSHS,5,*,*,*,*
106272003,Forest Area SD,6161,West Forest JSHS,11,426,414,406,1246
119583003,Forest City Regional SD,6419,Forest City Regional HS,31,515,545,479,1538
108112203,Forest Hills SD,1191,Forest Hills HS,85,516,504,482,1503
101632403,Fort Cherry SD,4242,Fort Cherry JSHS,46,490,466,445,1401
105253553,Fort LeBoeuf SD,2037,Fort LeBoeuf SHS,100,490,484,468,1443
103023912,Fox Chapel Area SD,156,Fox Chapel Area HS,291,569,576,562,1708
106612203,Franklin Area SD,4106,Franklin Area HS,70,481,474,469,1424
107652603,Franklin Regional SD,4360,Franklin Regional SHS,233,545,549,527,1621
126513450,Franklin Towne CHS,7666,Franklin Towne CHS,276,439,461,429,1329
101262903,Frazier SD,2126,Frazier HS,43,485,479,440,1404
127042853,Freedom Area SD,6563,Freedom Area SHS,65,482,495,460,1437
128033053,Freeport Area SD,594,Freeport Area SHS,100,502,502,496,1500
126513270,Freire CS,7586,Freire CS,36,389,432,403,1224
109532804,Galeton Area SD,6223,Galeton Area Sch,13,476,522,441,1439
125234103,Garnet Valley SD,1869,Garnet Valley HS,342,549,567,539,1654
103024102,Gateway SD,170,Gateway SHS,204,514,509,487,1510
105253903,General McLane SD,2040,General McLane HS,150,513,522,483,1518
112013753,Gettysburg Area SD,6271,Gettysburg Area HS,138,512,525,481,1517
129544907,Gillingham Charter School,8161,Gillingham Charter School,4,*,*,*,*
105254053,Girard SD,2043,Girard HS,72,495,505,469,1469
110173003,Glendale SD,5219,Glendale JSHS,27,466,454,436,1356
114063003,Governor Mifflin SD,802,Governor Mifflin SHS,194,509,505,474,1488
124153503,Great Valley SD,1424,Great Valley HS,248,566,564,552,1682
108112502,Greater Johnstown SD,8314,Greater Johnstown School District's Cyber Academy,89,426,443,400,1269
108112502,Greater Johnstown SD,1251,Greater Johnstown SHS,89,426,443,400,1269
107653102,Greater Latrobe SD,4845,Greater Latrobe SHS,191,526,542,501,1569
118402603,Greater Nanticoke Area SD,5242,Greater Nanticoke Area SHS,66,487,479,459,1425
112283003,Greencastle-Antrim SD,2206,Greencastle-Antrim SHS,148,505,520,485,1510
107653203,Greensburg Salem SD,4373,Greensburg-Salem HS,115,497,517,468,1482
104432803,Greenville Area SD,3137,Greenville JSHS,55,510,527,480,1516
115503004,Greenwood SD,6341,Greenwood HS,38,483,464,454,1402
104432903,Grove City Area SD,6125,George Jr Republic HS,13,416,420,388,1225
104432903,Grove City Area SD,3145,Grove City Area HS,100,525,532,485,1541
115222504,Halifax Area SD,6330,Halifax Area HS,52,507,503,492,1501
114063503,Hamburg Area SD,808,Hamburg Area HS,106,479,495,447,1421
103024603,Hampton Township SD,5190,Hampton HS,228,558,563,533,1655
118403003,Hanover Area SD,2891,Hanover Area JSHS,75,498,488,499,1486
112672803,Hanover Public SD,4571,Hanover SHS,56,475,481,456,1413
105254353,Harbor Creek SD,7948,Harbor Creek Senior HS,93,486,495,459,1440
110173504,Harmony Area SD,8316,Harmony Area JSHS,10,*,*,*,*
115222752,Harrisburg City SD,6333,Harrisburg HS,112,418,428,399,1245
123463603,Hatboro-Horsham SD,3272,Hatboro-Horsham SHS,339,519,547,512,1579
125234502,Haverford Township SD,1879,Haverford SHS,356,523,551,505,1579
118403302,Hazleton Area SD,7348,Hazleton Area HS,421,452,451,436,1339
134677866,Helen Thackston Charter School,8041,Helen Thackston Charter School,22,365,364,320,1050
107653802,Hempfield Area SD,4404,Hempfield Area SHS,291,504,519,496,1519
113363103,Hempfield SD,2578,Hempfield SHS,383,535,556,505,1595
104433303,Hermitage SD,3150,Hickory HS,103,506,519,488,1513
103024753,Highlands SD,5153,Highlands SHS,112,459,471,433,1363
102023217,Hill House Passport Academy Charter School,8308,Hill House Passport Academy Charter School,6,*,*,*,*
108073503,Hollidaysburg Area SD,5207,Hollidaysburg Area SHS,175,528,535,510,1573
128323303,Homer-Center SD,2331,Homer-Center JSHS,34,468,485,446,1399
108057079,HOPE for Hyndman CS,8154,HOPE for Hyndman Charter School,10,*,*,*,*
127044103,Hopewell Area SD,675,Hopewell SHS,123,487,516,462,1466
111312503,Huntingdon Area SD,2305,Huntingdon Area SHS,88,517,523,468,1508
114060392,I-LEAD Charter School,8155,I-LEAD Charter School,28,392,344,358,1094
126512980,Imhotep Institute CHS,7542,Imhotep Institute CHS,114,353,345,334,1031
128323703,Indiana Area SD,2325,Indiana Area SHS,137,516,520,488,1524
125235103,Interboro SD,1885,Interboro SHS,172,473,469,450,1393
105256553,Iroquois SD,4817,Iroquois JSHS,44,471,487,448,1406
104433604,Jamestown Area SD,6126,Jamestown Area JSHS,19,515,536,471,1522
107654103,Jeannette City SD,4412,Jeannette SHS,25,451,458,420,1329
106333407,Jefferson County-DuBois Area Vocational-Technical School,5180,Jefferson County-DuBois Area Vocational-Technical School,6,*,*,*,*
101303503,Jefferson-Morgan SD,2280,Jefferson-Morgan MS/HS,41,472,470,446,1388
123463803,Jenkintown SD,8049,Jenkintown Middle/High School,41,559,563,565,1687
117414003,Jersey Shore Area SD,3034,Jersey Shore Area SHS,117,494,492,468,1454
121135003,Jim Thorpe Area SD,1307,Jim Thorpe Area HS,87,486,489,459,1434
109243503,Johnsonburg Area SD,6218,Johnsonburg Area HS,25,489,499,453,1441
111343603,Juniata County SD,2394,East Juniata JSHS,34,493,496,470,1459
111343603,Juniata County SD,6255,Juniata SHS,60,498,498,476,1473
111312804,Juniata Valley SD,2308,Juniata Valley JSHS,43,493,486,478,1457
109422303,Kane Area SD,5245,Kane Area HS,45,470,483,457,1410
104103603,Karns City Area SD,1154,Karns City HS,58,513,535,479,1527
124154003,Kennett Consolidated SD,6482,Kennett High School,217,536,541,518,1595
110183602,Keystone Central SD,6241,Bucktail HS,26,440,436,403,1279
110183602,Keystone Central SD,7589,Central Mountain HS,151,469,474,442,1385
104432830,Keystone Education Center CS,7506,Keystone Education Center CS,4,*,*,*,*
103025002,Keystone Oaks SD,5112,Keystone Oaks HS,108,523,535,510,1568
106166503,Keystone SD,1486,Keystone JSHS,43,514,504,486,1503
126514864,KIPP DuBois Charter School,8358,KIPP DuBois Charter School,11,396,425,398,1220
107654403,Kiski Area SD,4431,Kiski Area HS,199,500,501,479,1480
114064003,Kutztown Area SD,816,Kutztown Area SHS,60,525,537,502,1563
113362940,La Academia Partnership Charter School,7538,La Academia Partnership Charter School,13,342,378,325,1045
119665003,Lackawanna Trail SD,4528,Lackawanna Trail JSHS,33,502,507,481,1491
119354603,Lakeland School District,6404,Lakeland JSHS,80,491,499,471,1460
118403903,Lake-Lehman SD,2924,Lake-Lehman JSHS,84,508,514,490,1512
104433903,Lakeview SD,3155,Lakeview HS,47,477,477,447,1401
113363603,Lampeter-Strasburg SD,2607,Lampeter-Strasburg SHS,157,524,533,511,1567
113364002,Lancaster SD,2596,McCaskey Campus,245,425,436,407,1268
113364002,Lancaster SD,7922,Phoenix Academy,1,*,*,*,*
101264003,Laurel Highlands SD,6600,Laurel Highlands SHS,124,477,474,462,1414
104374003,Laurel SD,2680,Laurel JSHS,59,479,477,466,1422
104374207,Lawrence County Career and Technical Center,4940,Lawrence County Career and Technical Center,18,446,426,413,1285
113384603,Lebanon SD,5155,Lebanon SHS,83,438,440,423,1300
128034503,Leechburg Area SD,7923,Leechburg Area HS,37,476,481,463,1420
120480002,Lehigh Valley Academy Regional CS,7681,Lehigh Valley Academy Regional CS,52,502,475,489,1467
120483170,Lehigh Valley Charter High School for the Arts,7634,Lehigh Valley Charter High School for the Arts,93,538,482,515,1535
121135503,Lehighton Area SD,1315,Lehighton Area HS,110,494,501,477,1472
128034607,Lenape Technical School,4807,Lenape Technical School,52,451,448,402,1301
116604003,Lewisburg Area SD,4085,Lewisburg HS,106,557,563,523,1643
107654903,Ligonier Valley SD,4442,Ligonier Valley HS,81,514,527,490,1531
175390169,Lincoln Leadership Academy Charter School,8125,Lincoln Leadership Academy Charter School,54,373,388,362,1122
127040002,Lincoln Park Performing Arts CS,7859,Lincoln Park Performing Arts CS,114,520,498,489,1507
116493503,Line Mountain SD,3532,Line Mountain HS,44,491,493,459,1443
112015203,Littlestown Area SD,14,Littlestown SHS,66,522,524,484,1530
115224003,Lower Dauphin SD,1776,Lower Dauphin HS,171,527,545,506,1578
123464502,Lower Merion SD,3296,Harriton SHS,212,582,582,590,1754
123464502,Lower Merion SD,3295,Lower Merion HS,270,584,602,580,1766
123464603,Lower Moreland Township SD,4960,Lower Moreland HS,156,564,579,580,1723
117414203,Loyalsock Township SD,4828,Loyalsock Twp SHS,72,498,508,477,1483
129544503,Mahanoy Area SD,7012,Mahanoy Area HS,41,430,441,412,1283
113364403,Manheim Central SD,2618,Manheim Central SHS,138,507,510,483,1501
113364503,Manheim Township SD,2623,Manheim Twp HS,313,539,553,515,1608
126513480,Mariana Bracetti Academy CS,7672,Mariana Bracetti Academy CS,98,373,396,357,1126
128325203,Marion Center Area SD,2339,Marion Center Area JR/SR HS,44,474,473,457,1405
126510014,Maritime Academy Charter School,7777,Maritime Academy CS,48,428,450,413,1290
125235502,Marple Newtown SD,1902,Marple Newtown SHS,270,513,531,509,1553
104105003,Mars Area SD,1159,Mars Area SHS,207,536,551,524,1612
126510002,Mastery CHS - Lenfest Campus,7678,Mastery CHS - Lenfest Campus,9,*,*,*,*
126513290,Mastery CS - Hardy Williams,7588,Mastery CS - Hardy Williams,19,357,323,363,1042
126513734,Mastery CS-Gratz Campus,8207,Mastery CS-Gratz Campus,8,*,*,*,*
151514721,Mastery CS-Pickett Campus,7961,Mastery CS-Pickett Campus,9,*,*,*,*
126510022,Mastery CS-Shoemaker Campus,7909,Mastery CS - Shoemaker Campus,41,411,401,414,1227
126510023,Mastery CS-Thomas Campus,7910,Mastery CS -Thomas Campus,16,443,439,433,1314
126513230,Math Civics and Sciences CS,7582,Math Civics and Sciences CS,60,384,358,374,1116
126513150,"Mathematics, Science & Technology Community Charter School",7574,"Mathematics, Science & Technology Community CS",88,501,511,488,1500
101633903,McGuffey SD,4249,McGuffey HS,83,505,509,467,1482
103026002,McKeesport Area SD,6105,McKeesport Area SHS,126,436,428,414,1277
115216503,Mechanicsburg Area SD,5098,Mechanicsburg Area SHS,186,523,539,507,1569
121392881,Medical Academy CS,8210,Medical Academy CS,26,383,378,357,1118
104435003,Mercer Area SD,3158,Mercer Area SHS,44,514,520,479,1514
123465303,Methacton SD,3305,Methacton HS,312,555,583,547,1686
108565203,Meyersdale Area SD,3994,Meyersdale Area HS,33,515,504,473,1492
119355503,Mid Valley SD,8304,Mid Valley Secondary Center,71,478,469,442,1389
115226003,Middletown Area SD,1790,Middletown Area HS,82,504,500,487,1491
116555003,Midd-West SD,3962,Midd-West HS,62,482,497,451,1430
111444602,Mifflin County SD,8187,Mifflin Co HS,192,493,507,457,1456
116605003,Mifflinburg Area SD,4091,Mifflinburg Area SHS,74,507,521,471,1499
105257602,Millcreek Township SD,8071,McDowell HS,355,507,512,484,1503
115226103,Millersburg Area SD,1794,Millersburg Area High School,43,487,485,430,1402
116195004,Millville Area SD,1623,Millville Area JSHS,27,510,476,487,1473
116495003,Milton Area SD,3541,Milton HS,72,495,502,458,1455
129544703,Minersville Area SD,6583,Minersville Area JSHS,57,462,455,436,1353
104375003,Mohawk Area SD,2686,Mohawk JSHS,76,464,487,440,1391
107655803,Monessen City SD,6181,Monessen SHS,27,441,451,395,1287
104105353,Moniteau SD,1164,Moniteau JSHS,42,487,507,435,1430
117415004,Montgomery Area SD,3040,Montgomery JSHS,35,502,494,454,1450
103026303,Montour SD,5017,Montour HS,170,508,514,507,1530
117415103,Montoursville Area SD,3045,Montoursville Area SHS,89,517,529,467,1513
119584503,Montrose Area SD,4044,Montrose Area JSHS,81,500,494,477,1472
103026343,Moon Area SD,4951,Moon Area SHS,246,524,537,502,1563
122097203,Morrisville Borough SD,8114,Morrisville HS,16,494,458,438,1389
110175003,Moshannon Valley SD,1550,Moshannon Valley JSHS,34,465,466,430,1361
116495103,Mount Carmel Area SD,6936,Mount Carmel Area HS,52,463,481,453,1396
107655903,Mount Pleasant Area SD,4458,Mount Pleasant Area HS,76,484,493,470,1447
111316003,Mount Union Area SD,7944,Mount Union Area SHS,46,477,487,447,1411
119584603,Mountain View SD,4049,Mountain View JSHS,46,521,499,492,1512
103026402,Mt Lebanon SD,254,Mt Lebanon SHS,318,573,578,577,1729
114065503,Muhlenberg SD,6610,Muhlenberg HS,186,466,468,427,1361
126513000,Multicultural Academy CS,7546,Multicultural Academy CS,50,410,405,407,1221
117415303,Muncy SD,3048,Muncy JSHS,43,482,482,468,1433
120484803,Nazareth Area SD,3495,Nazareth Area HS,289,525,519,507,1551
122097502,Neshaminy SD,6455,Neshaminy HS,454,508,528,490,1527
104375203,Neshannock Township SD,2689,Neshannock JSHS,64,534,533,508,1575
127045653,New Brighton Area SD,695,New Brighton Area HS,65,488,492,455,1435
104375302,New Castle Area SD,2704,New Castle SHS,117,443,439,421,1303
111440001,New Day Charter School,7762,New Day Charter School,3,*,*,*,*
126513420,New Foundations CS,7649,New Foundations CS,142,458,446,436,1340
122097604,New Hope-Solebury SD,1084,New Hope-Solebury HS,99,556,593,567,1716
107656303,New Kensington-Arnold SD,8323,Valley JSHS,77,454,451,439,1343
126510018,New Media Technology CS,7829,New Media Technology CS,49,357,354,344,1055
115504003,Newport SD,7930,Newport HS,24,524,535,493,1552
123465602,Norristown Area SD,6729,Norristown Area HS,245,440,449,418,1307
103026852,North Allegheny SD,8305,North Allegheny HS,596,574,588,559,1722
106167504,North Clarion County SD,1489,North Clarion Co JSHS,26,522,546,511,1579
105258303,North East SD,6145,North East High School,74,504,518,479,1500
103026902,North Hills SD,7101,North Hills SHS,233,523,540,511,1574
123465702,North Penn SD,5345,North Penn SHS,751,540,564,525,1630
119356503,North Pocono SD,2446,North Pocono HS,194,515,512,500,1527
129545003,North Schuylkill SD,3883,North Schuylkill JSHS,87,491,508,475,1474
108565503,North Star SD,3988,North Star HS,51,479,487,464,1430
120484903,Northampton Area SD,3505,Northampton Area HS,249,488,484,455,1427
117083004,Northeast Bradford SD,964,Northeast Bradford JSHS,35,517,469,474,1460
112674403,Northeastern York SD,4577,Northeastern SHS,143,502,504,483,1489
108056004,Northern Bedford County SD,747,Northern Bedford Co MS/SHS,31,524,499,490,1513
108114503,Northern Cambria SD,6201,Northern Cambria HS,56,479,481,459,1419
113385003,Northern Lebanon SD,2760,Northern Lebanon SHS,90,500,485,467,1452
121394503,Northern Lehigh SD,2818,Northern Lehigh SHS,62,492,492,465,1449
109535504,Northern Potter SD,3875,Northern Potter JSHS,13,530,507,484,1521
117596003,Northern Tioga SD,4058,Cowanesque Valley JSHS,31,487,469,446,1403
117596003,Northern Tioga SD,6373,Williamson SHS,32,468,467,447,1382
115674603,Northern York County SD,6345,Northern HS,145,521,528,496,1545
103026873,Northgate SD,53,Northgate MSHS,43,506,509,469,1484
116495207,Northumberland County Career and Technology Center,6353,Northumberland County Career and Technology Center,1,*,*,*,*
118406003,Northwest Area SD,2958,Northwest Area HS,58,499,496,489,1484
105258503,Northwestern  SD,6745,Northwestern SHS,60,514,509,475,1498
121394603,Northwestern Lehigh SD,2821,Northwestern Lehigh HS,135,505,530,477,1512
107656502,Norwin SD,4717,Norwin HS,268,523,536,503,1561
124156503,Octorara Area SD,1414,Octorara Area JSHS,95,498,514,481,1494
106616203,Oil City Area SD,4931,Oil City SHS,64,490,505,463,1457
119356603,Old Forge SD,2449,Old Forge JSHS,46,472,481,465,1418
114066503,Oley Valley SD,6318,Oley Valley SHS,81,533,536,524,1593
126513452,Olney Charter High School,8205,Olney Charter High School,163,350,355,326,1031
109537504,Oswayo Valley SD,3877,Oswayo Valley HS,17,467,456,435,1358
109426003,Otto-Eldred SD,3107,Otto-Eldred JSHS,25,494,495,465,1454
124156603,Owen J Roberts SD,1406,Owen J Roberts HS,314,541,545,526,1612
124156703,Oxford Area SD,1420,Oxford Area High School,175,504,496,478,1478
122098003,Palisades SD,1094,Palisades HS,96,514,546,503,1562
121136503,Palmerton Area SD,4734,Palmerton Area HS,63,495,493,476,1464
113385303,Palmyra Area SD,2766,Palmyra Area SHS,179,511,527,494,1533
121136603,Panther Valley SD,8348,Panther Valley JSHS,35,487,464,450,1401
121395103,Parkland SD,2829,Parkland HS,572,545,551,534,1630
120485603,Pen Argyl Area SD,6439,Pen Argyl Area HS,58,497,487,448,1433
108116003,Penn Cambria SD,1213,Penn Cambria HS,72,500,508,495,1503
103027352,Penn Hills SD,309,Penn Hills SHS,183,462,445,428,1335
113365203,Penn Manor SD,2633,Penn Manor HS,243,516,523,483,1521
105204703,Penncrest SD,1629,Cambridge Springs JSHS,49,486,493,450,1430
105204703,Penncrest SD,6942,Maplewood JSHS,45,469,460,435,1364
105204703,Penncrest SD,6136,Saegertown JSHS,43,499,487,478,1464
125236903,Penn-Delco SD,1915,Sun Valley HS,191,483,494,470,1447
122098103,Pennridge SD,1100,Pennridge HS,399,513,527,493,1533
128326303,Penns Manor Area SD,2345,Penns Manor Area JSHS,32,485,464,448,1397
110147003,Penns Valley Area SD,6231,Penns Valley Area JSHS,62,528,534,511,1572
122098202,Pennsbury SD,4682,Pennsbury HS,564,539,542,529,1610
127043430,Pennsylvania Cyber CS,7650,Pennsylvania Cyber CS,225,514,485,486,1485
115220003,Pennsylvania Distance Learning CS,7821,Pennsylvania Distance Learning CS,6,*,*,*,*
124150004,Pennsylvania Leadership Charter School,7819,Pennsylvania Leadership CS,113,566,542,528,1636
123460001,Pennsylvania Virtual CS,7687,Pennsylvania Virtual CS,73,534,487,494,1516
107657103,Penn-Trafford SD,6648,Penn Trafford HS,262,505,525,489,1518
113365303,Pequea Valley SD,2649,Pequea Valley HS,75,531,526,492,1549
123466103,Perkiomen Valley SD,3328,Perkiomen Valley HS,341,538,556,528,1622
105250001,Perseus House CS of Excellence,7770,Perseus House CS of Excellence,29,349,339,322,1010
101636503,Peters Township SD,5083,Peters Twp HS,342,537,559,525,1622
126513280,Philadelphia Academy CS,7587,Philadelphia Academy CS,79,470,465,453,1388
126515001,Philadelphia City SD,7904,Academy at Palumbo,159,454,474,436,1364
126515001,Philadelphia City SD,8039,Arts Academy at Benjamin Rush,142,478,482,470,1430
126515001,Philadelphia City SD,3847,Bartram John - Main,59,328,327,303,958
126515001,Philadelphia City SD,7070,Bodine William W HS,93,458,477,451,1386
126515001,Philadelphia City SD,3848,Central HS,479,544,586,531,1661
126515001,Philadelphia City SD,6996,Creative and Performing Arts,155,490,446,467,1403
126515001,Philadelphia City SD,3841,Dobbins Area Vocational-Technical High School,39,346,347,318,1011
126515001,Philadelphia City SD,3849,Edison HS/Fareira Skills,58,337,343,302,983
126515001,Philadelphia City SD,3816,Fels Samuel HS,117,358,347,339,1044
126515001,Philadelphia City SD,3850,Frankford HS,72,347,356,328,1031
126515001,Philadelphia City SD,3851,Franklin Benjamin HS,45,334,356,313,1003
126515001,Philadelphia City SD,6822,Franklin LC,147,434,423,414,1271
126515001,Philadelphia City SD,3818,Furness Horace HS,88,331,363,303,997
126515001,Philadelphia City SD,7664,Gamp,59,489,489,494,1472
126515001,Philadelphia City SD,3843,Girls HS,289,437,440,422,1299
126515001,Philadelphia City SD,7023,HS of Engineering & Science,177,463,491,437,1392
126515001,Philadelphia City SD,7852,Kensington Creative & Performing Arts HS,57,349,348,327,1024
126515001,Philadelphia City SD,7855,Kensington Health Sciences,50,357,349,338,1044
126515001,Philadelphia City SD,7851,"Kensington Intern Business, Finance & Entrep",12,377,349,349,1075
126515001,Philadelphia City SD,8143,Kensington Urban Education Academy,15,349,350,339,1038
126515001,Philadelphia City SD,6675,King Martin Luther HS,47,366,342,322,1030
126515001,Philadelphia City SD,7811,Lankenau HS,75,377,381,354,1113
126515001,Philadelphia City SD,3845,Lincoln HS,121,374,389,355,1118
126515001,Philadelphia City SD,3842,Mastbaum Jules E Area Vocational-Technical School,42,353,360,335,1049
126515001,Philadelphia City SD,3808,Masterman Julia R Sec Sch,103,655,678,645,1978
126515001,Philadelphia City SD,7815,Motivation HS,51,396,395,381,1172
126515001,Philadelphia City SD,7905,National Constitution Center HS,79,412,390,379,1180
126515001,Philadelphia City SD,3855,Northeast HS,359,415,455,401,1271
126515001,Philadelphia City SD,3857,Overbrook HS,56,362,359,347,1068
126515001,Philadelphia City SD,7782,Parkway Center City HS,120,409,421,395,1224
126515001,Philadelphia City SD,6548,Parkway Northwest,42,389,393,372,1153
126515001,Philadelphia City SD,7808,Parkway West,62,394,387,364,1145
126515001,Philadelphia City SD,8293,Penn Treaty Sch,28,389,414,365,1168
126515001,Philadelphia City SD,7850,Philadelphia Military Academy at Elverson,56,373,375,357,1105
126515001,Philadelphia City SD,7813,"Randolph, A. Philip Area Vocational-Technical High School",65,331,333,321,984
126515001,Philadelphia City SD,7780,Robeson HS for Human Services,49,364,350,333,1047
126515001,Philadelphia City SD,3844,Roxborough HS,78,379,356,349,1084
126515001,Philadelphia City SD,3861,Saul W B Agricultural School,96,398,397,383,1178
126515001,Philadelphia City SD,7245,Sayre William L MS,30,332,331,320,984
126515001,Philadelphia City SD,7903,School of the Future,77,375,365,344,1084
126515001,Philadelphia City SD,7906,Science Leadership Academy,99,544,531,524,1598
126515001,Philadelphia City SD,3859,South Philadelphia HS,50,341,370,320,1032
126515001,Philadelphia City SD,7255,Strawberry Mansion HS,26,327,328,301,955
126515001,Philadelphia City SD,7072,Swenson Arts and Technology High School,61,377,393,351,1122
126515001,Philadelphia City SD,8298,The SD of Philadelphia Virtual Academy,17,392,364,344,1099
126515001,Philadelphia City SD,8328,The Workshop School,2,*,*,*,*
126515001,Philadelphia City SD,6527,Washington George HS,217,406,417,389,1212
126515001,Philadelphia City SD,3860,West Philadelphia HS,52,357,361,339,1057
126515001,Philadelphia City SD,3728,Widener Memorial Sch,1,*,*,*,*
126510009,Philadelphia Electrical & Technology CHS,7737,Philadelphia Electrical & Technology CHS,128,362,368,340,1070
110177003,Philipsburg-Osceola Area SD,1560,Philipsburg-Osceola Area HS,68,488,492,443,1424
124157203,Phoenixville Area SD,1426,Phoenixville Area HS,182,546,538,526,1611
129546003,Pine Grove Area SD,3910,Pine Grove Area HS,59,488,455,459,1403
103021003,Pine-Richland SD,315,Pine-Richland HS,336,550,572,538,1660
102027451,Pittsburgh SD,409,Pittsburgh Allderdice HS,237,511,519,492,1522
102027451,Pittsburgh SD,6915,Pittsburgh Brashear HS,195,417,432,394,1242
102027451,Pittsburgh SD,8106,Pittsburgh CAPA 6-12,131,529,517,512,1557
102027451,Pittsburgh SD,412,Pittsburgh Carrick HS,112,428,448,406,1282
102027451,Pittsburgh SD,8110,Pittsburgh Milliones 6-12,82,358,362,335,1055
102027451,Pittsburgh SD,8105,Pittsburgh Obama 6-12,108,489,501,479,1469
102027451,Pittsburgh SD,8300,Pittsburgh Online Academy,14,473,424,439,1336
102027451,Pittsburgh SD,416,Pittsburgh Perry HS,62,395,402,368,1165
102027451,Pittsburgh SD,8107,Pittsburgh Science and Technology Academy 6-12,75,495,517,459,1471
102027451,Pittsburgh SD,8203,Pittsburgh Westinghouse,39,361,379,338,1079
118406602,Pittston Area SD,5058,Pittston Area SHS,154,469,472,448,1389
120455203,Pleasant Valley SD,3210,Pleasant Valley HS,237,495,498,455,1448
103027503,Plum Borough SD,435,Plum SHS,241,512,517,488,1517
120455403,Pocono Mountain SD,3216,Pocono Mountain East HS,214,496,509,465,1470
120455403,Pocono Mountain SD,7738,Pocono Mountain West HS,272,450,452,425,1326
109426303,Port Allegany SD,3111,Port Allegany JSHS,24,493,542,445,1481
108116303,Portage Area SD,1270,Portage Area JSHS,31,485,511,470,1465
123466303,Pottsgrove SD,3338,Pottsgrove SHS,154,510,503,482,1495
123466403,Pottstown SD,3348,Pottstown HS,76,465,447,433,1345
129546103,Pottsville Area SD,3924,Pottsville Area HS,134,478,490,468,1437
126512960,"Preparatory CS of Mathematics, Science, Tech, and Careers",7540,"Preparatory CS of Mathematics, Science, Tech, and Careers",32,438,452,434,1324
160028259,Propel CS-Braddock Hills,8129,Propel CS-Braddock Hills,41,404,406,389,1199
103020002,Propel CS-Homestead,7772,Propel CS-Homestead,42,372,371,357,1100
106338003,Punxsutawney Area SD,6165,Punxsutawney Area HS,90,488,515,464,1466
128327303,Purchase Line SD,2350,Purchase Line JSHS,33,514,523,492,1529
103027753,Quaker Valley SD,448,Quaker Valley HS,122,544,560,538,1643
122098403,Quakertown Community SD,1128,Quakertown Community HS,220,523,526,498,1547
125237603,Radnor Township SD,1921,Radnor SHS,275,575,597,574,1746
114067002,Reading SD,8116,Reading SHS,377,405,402,373,1180
112675503,Red Lion Area SD,4598,Red Lion Area SHS,224,490,519,444,1453
106168003,Redbank Valley SD,1495,Redbank Valley HS,45,480,472,461,1413
124153350,Renaissance Academy CS,7636,Renaissance Academy Charter School,55,531,525,500,1557
104435303,Reynolds SD,3165,Reynolds JSHS,48,479,470,457,1406
108116503,Richland SD,7941,Richland HS,86,530,525,522,1577
109246003,Ridgway Area SD,1989,Ridgway Area HS,59,479,483,449,1411
125237702,Ridley SD,1934,Ridley HS,282,478,491,449,1418
101637002,Ringgold SD,7019,Ringgold SHS,129,472,474,447,1394
127045853,Riverside Beaver County SD,700,Riverside HS,68,471,501,462,1435
119357003,Riverside SD,2496,Riverside JSHS,79,411,445,404,1261
103028203,Riverview SD,6928,Riverview HS,53,521,509,502,1532
121393330,Roberto Clemente CS,7629,Roberto Clemente CS,26,427,426,394,1247
127046903,Rochester Area SD,8000,Rochester High School,14,479,498,446,1422
108566303,Rockwood Area SD,6210,Rockwood Area JSHS,29,492,513,454,1459
125237903,Rose Tree Media SD,1942,Penncrest HS,247,530,547,528,1605
109248003,Saint Marys Area SD,5169,St Marys Area SHS,106,500,519,466,1486
121395603,Salisbury Township SD,2833,Salisbury SHS,103,513,520,489,1521
108567004,Salisbury-Elk Lick SD,4002,Salisbury-Elk Lick JSHS,13,513,515,465,1493
114514135,Sankofa Freedom Academy Charter School,8083,Sankofa Freedom Academy Charter School,39,362,348,360,1070
120486003,Saucon Valley SD,5352,Saucon Valley SHS,123,529,543,512,1584
117086003,Sayre Area SD,965,Sayre Area HS,36,492,483,449,1424
129547303,Schuylkill Haven Area SD,5264,Schuylkill Haven SHS,74,485,499,453,1437
114067503,Schuylkill Valley SD,864,Schuylkill Valley HS,103,517,506,487,1511
119357402,Scranton SD,6413,Scranton HS,171,458,459,443,1359
119357402,Scranton SD,2489,West Scranton HS,117,448,452,435,1336
116557103,Selinsgrove Area SD,3969,Selinsgrove Area HS,139,497,499,468,1464
104107903,Seneca Valley SD,8318,Seneca Valley HS,434,527,543,511,1580
108567204,Shade-Central City SD,4006,Shade JSHS,15,485,491,453,1429
103028302,Shaler Area SD,460,Shaler Area HS,256,515,509,495,1519
116496503,Shamokin Area SD,7893,Shamokin Area HS,71,457,466,423,1347
108567404,Shanksville-Stonycreek SD,6800,Shanksville-Stonycreek HS,18,483,513,448,1443
104435603,Sharon City SD,8093,Sharon HS,74,431,426,398,1254
104435703,Sharpsville Area SD,3124,Sharpsville Area SHS,65,482,484,453,1419
129547203,Shenandoah Valley SD,3940,Shenandoah Valley JSHS,38,441,448,408,1297
104376203,Shenango Area SD,2708,Shenango HS,75,479,492,472,1442
116496603,Shikellamy SD,3569,Shikellamy HS,108,458,472,444,1374
115218003,Shippensburg Area SD,5221,Shippensburg Area SHS,144,499,508,476,1483
104107503,Slippery Rock Area SD,1172,Slippery Rock Area HS,91,538,535,491,1564
109427503,Smethport Area SD,3117,Smethport Area JSHS,30,492,513,463,1468
113367003,Solanco SD,2658,Solanco HS,131,509,512,471,1492
108567703,Somerset Area SD,8274,Somerset Area Jr-Sr HS,102,509,510,460,1479
123467103,Souderton Area SD,3354,Souderton Area SHS,378,540,550,519,1609
103028653,South Allegheny SD,440,South Allegheny MS/HS,67,475,466,445,1386
104107803,South Butler County SD,1177,Knoch HS,161,526,532,506,1564
112676203,South Eastern SD,4602,Kennard-Dale HS,107,518,532,487,1537
103028703,South Fayette Township SD,470,South Fayette HS,173,539,568,538,1645
115218303,South Middleton SD,6328,Boiling Springs HS,119,528,511,511,1550
103028753,South Park SD,467,South Park SHS,119,507,523,472,1502
127047404,South Side Area SD,714,South Side HS,52,505,508,464,1477
112676403,South Western SD,4608,South Western SHS,190,501,505,464,1470
117416103,South Williamsport Area SD,3056,South Williamsport Area JSHS,56,521,522,496,1539
125238402,Southeast Delco SD,6516,Academy Park HS,128,399,404,376,1178
101306503,Southeastern Greene SD,2284,Mapletown JSHS,17,415,396,397,1208
116197503,Southern Columbia Area SD,1627,Southern Columbia HS,95,496,511,483,1489
111297504,Southern Fulton SD,2253,Southern Fulton JSHS,32,496,543,462,1500
111317503,Southern Huntingdon County SD,2313,Southern Huntingdon Co HS/MS,34,456,457,424,1337
121395703,Southern Lehigh SD,2839,Southern Lehigh SHS,184,554,563,536,1653
117597003,Southern Tioga SD,4064,North Penn-Liberty JSHS,14,416,438,390,1244
117597003,Southern Tioga SD,4068,North Penn-Mansfield JSHS,32,506,495,475,1476
112676503,Southern York County SD,4614,Susquehannock HS,160,526,545,513,1584
107657503,Southmoreland SD,6191,Southmoreland SHS,81,496,493,470,1460
108077503,Spring Cove SD,941,Central HS,51,491,503,464,1457
112676703,Spring Grove Area SD,4623,Spring Grove Area HS,158,504,521,481,1506
125238502,Springfield SD,1950,Springfield HS,227,506,531,504,1541
123467203,Springfield Township SD,3376,Springfield Twp HS,116,547,560,529,1636
123467303,Spring-Ford Area SD,3367,Spring-Ford SHS 9-12 Ctr,419,536,560,526,1621
110148002,State College Area SD,1364,State College Area HS,491,557,575,530,1662
103028833,Steel Valley SD,196,Steel Valley SHS,72,462,473,421,1355
115228003,Steelton-Highspire SD,1801,Steelton-Highspire HS,47,403,381,395,1179
103028853,Sto-Rox SD,477,Sto-Rox JSHS,44,424,421,395,1240
120456003,Stroudsburg Area SD,3224,Stroudsburg HS,304,498,499,468,1465
101833400,Sugar Valley Rural CS,7635,Sugar Valley Rural CS,4,*,*,*,*
117576303,Sullivan County SD,4030,Sullivan Co JSHS,15,542,540,488,1570
116493130,Susq-Cyber CS,7567,Susq-Cyber CS,1,*,*,*,*
119586503,Susquehanna Community SD,4054,Susquehanna Community JSHS,31,494,517,468,1479
115228303,Susquehanna Township SD,1806,Susquehanna Twp HS,147,488,502,466,1455
115506003,Susquenita SD,3589,Susquenita HS,69,511,485,458,1453
192518422,Tacony Academy Charter School,8126,Tacony Academy Charter School,56,388,391,359,1138
129547603,Tamaqua Area SD,5070,Tamaqua Area SHS,68,486,501,473,1460
105620001,Tidioute Community CS,7833,Tidioute Community CS,10,*,*,*,*
106617203,Titusville Area SD,1668,Titusville High School,53,505,504,458,1468
117086503,Towanda Area SD,5208,Towanda Area JSHS,47,467,495,448,1410
124157802,Tredyffrin-Easttown SD,1423,Conestoga SHS,457,596,608,592,1795
101638003,Trinity Area SD,6012,Trinity SHS,156,499,499,465,1463
129547803,Tri-Valley SD,3957,Tri-Valley JSHS,47,493,486,469,1449
117086653,Troy Area SD,1000,Troy Area JSHS,56,483,497,438,1418
114068003,Tulpehocken Area SD,4670,Tulpehocken JSHS,50,515,505,471,1491
118667503,Tunkhannock Area SD,5271,Tunkhannock HS,124,499,500,466,1466
108568404,Turkeyfoot Valley Area SD,6216,Turkeyfoot Valley Area JSHS,7,*,*,*,*
112286003,Tuscarora SD,6280,James Buchanan HS,98,486,491,452,1429
108058003,Tussey Mountain SD,753,Tussey Mountain HS,23,470,492,437,1399
114068103,Twin Valley SD,873,Twin Valley HS,153,522,538,505,1565
108078003,Tyrone Area SD,949,Tyrone Area HS,62,500,492,511,1503
104377003,Union Area SD,2712,Union Area HS,28,445,454,414,1313
105259103,Union City Area SD,2075,Union City HS,39,487,486,452,1425
106169003,Union SD,1501,Union HS,34,468,475,435,1379
101268003,Uniontown Area SD,2184,Uniontown Area SHS,100,479,477,439,1395
124158503,Unionville-Chadds Ford SD,1443,Unionville HS,282,578,580,572,1730
128328003,United SD,2358,United JSHS,48,511,509,490,1510
126519434,Universal Audenried Charter School,8195,Universal Audenried Charter School,87,361,338,326,1024
112018523,Upper Adams SD,21,Biglerville HS,67,456,478,431,1366
125239452,Upper Darby SD,1972,Upper Darby SHS,558,451,464,432,1346
115229003,Upper Dauphin Area SD,6340,Upper Dauphin Area HS,55,493,484,468,1444
123468303,Upper Dublin SD,5078,Upper Dublin HS,318,567,588,574,1730
123468402,Upper Merion Area SD,3395,Upper Merion Area HS,207,507,533,496,1536
123468503,Upper Moreland Township SD,3401,Upper Moreland HS,173,516,527,494,1538
123468603,Upper Perkiomen SD,5081,Upper Perkiomen HS,128,506,521,487,1514
103029203,Upper Saint Clair SD,492,Upper Saint Clair HS,274,582,604,584,1770
102023080,Urban Pathways 6-12 Charter School,7562,Urban Pathways 6-12 Charter Schools,34,392,378,363,1133
106618603,Valley Grove SD,4126,Rocky Grove JSHS,28,484,452,438,1374
119358403,Valley View SD,6775,Valley View HS,154,483,483,456,1422
119648303,Wallenpaupack Area SD,4310,Wallenpaupack Area HS,205,507,529,494,1529
125239603,Wallingford-Swarthmore SD,5287,Strath Haven HS,171,570,585,552,1707
105628302,Warren County SD,4143,Eisenhower MS/HS,46,505,516,483,1504
105628302,Warren County SD,4146,Sheffield Area MS/HS,23,426,441,390,1257
105628302,Warren County SD,4149,Warren Area HS,92,497,520,467,1484
105628302,Warren County SD,4135,Youngsville HS,27,466,485,450,1401
116498003,Warrior Run SD,5103,Warrior Run HS,79,510,512,474,1495
113369003,Warwick SD,2663,Warwick SHS,205,537,539,507,1584
101638803,Washington SD,4286,Washington HS,54,489,513,449,1451
105259703,Wattsburg Area SD,6148,Seneca HS,43,506,496,485,1487
119648703,Wayne Highlands SD,4295,Honesdale HS,113,514,525,502,1541
112289003,Waynesboro Area SD,2243,Waynesboro Area Senior High School,167,503,501,468,1472
121139004,Weatherly Area SD,1327,Weatherly Area HS,42,454,480,442,1376
117598503,Wellsboro Area SD,4080,Wellsboro Area HS,67,521,508,483,1512
103029403,West Allegheny SD,509,West Allegheny SHS,175,513,516,502,1530
110179003,West Branch Area SD,1566,West Branch Area JSHS,54,460,446,439,1345
124159002,West Chester Area SD,7894,West Chester Bayard Rustin HS,275,538,555,527,1620
124159002,West Chester Area SD,6734,West Chester East HS,268,525,543,525,1593
124159002,West Chester Area SD,1453,West Chester Henderson HS,277,544,564,535,1643
101308503,West Greene SD,7136,West Greene HS,20,495,487,454,1436
103029553,West Jefferson Hills SD,523,Thomas Jefferson HS,186,503,502,488,1493
104437503,West Middlesex Area SD,6129,West Middlesex Area JSHS,47,500,501,455,1456
103029603,West Mifflin Area SD,536,West Mifflin Area HS,134,453,462,432,1348
115508003,West Perry SD,3596,West Perry SHS,95,503,504,483,1490
115219002,West Shore SD,1732,Cedar Cliff HS,196,516,524,492,1533
115219002,West Shore SD,4704,Red Land SHS,177,524,526,494,1544
118408707,West Side Career & Technology Center,5059,West Side Career & Technology Center,9,*,*,*,*
112678503,West York Area SD,6705,West York Area HS,138,506,523,479,1508
127049303,Western Beaver County SD,719,Western Beaver Co JSHS,26,498,528,463,1490
119648903,Western Wayne SD,6704,Western Wayne HS,102,497,500,456,1453
108118503,Westmont Hilltop SD,1293,Westmont Hilltop HS,96,503,521,488,1513
121397803,Whitehall-Coplay SD,2848,Whitehall HS,235,502,507,477,1485
118408852,Wilkes-Barre Area SD,3009,Elmer L Meyers JSHS,92,427,439,421,1287
118408852,Wilkes-Barre Area SD,3008,G A R Memorial JSHS,48,416,420,415,1251
118408852,Wilkes-Barre Area SD,3007,James M Coughlin JSHS,121,460,467,439,1365
103029803,Wilkinsburg Borough SD,555,Wilkinsburg SHS,12,331,339,309,979
125239652,William Penn SD,8231,Penn Wood HS,189,408,417,395,1220
129548803,Williams Valley SD,3914,Williams Valley JSHS,36,521,491,493,1505
108079004,Williamsburg Community SD,951,Williamsburg Community JSHS,17,474,467,447,1388
117417202,Williamsport Area SD,6368,Williamsport Area SHS,143,482,495,456,1432
104378003,Wilmington Area SD,2721,Wilmington Area HS,67,515,506,483,1504
120488603,Wilson Area SD,3522,Wilson Area HS,91,501,515,489,1505
114069103,Wilson SD,6980,Wilson HS,347,511,518,486,1515
108569103,Windber Area SD,4026,Windber Area HS,39,485,529,469,1484
123469303,Wissahickon SD,3247,Wissahickon SHS,301,556,589,556,1701
103029902,Woodland Hills SD,107,Woodland Hills JSHS,158,461,465,429,1355
126512860,World Communications CS,7512,World Communications CS,59,353,342,346,1041
117089003,Wyalusing Area SD,1005,Wyalusing Valley JSHS,45,506,512,468,1486
118409203,Wyoming Area SD,6390,Wyoming Area Sec Ctr,130,489,494,482,1465
118409302,Wyoming Valley West SD,6391,Wyoming Valley West SHS,138,516,512,485,1513
114069353,Wyomissing Area SD,887,Wyomissing Area JSHS,126,520,517,503,1540
112679002,York City SD,4647,William Penn SHS,124,390,399,358,1147
112679107,York County School of Technology,5168,York County School of Technology,98,456,462,420,1338
112679403,York Suburban SD,4658,York Suburban SHS,162,542,564,522,1627
107658903,Yough SD,4735,Yough SHS,97,509,533,493,1535
126512870,Youth Build Phila CS,7513,YouthBuild Phila CS,2,*,*,*,*
